[{"alias":null,"name":"endpoint","is_view":false,"label":"Endpoint","plural":"Endpoints","description":null,"primary_key":"id","name_field":null,"field":[{"alias":null,"name":"id","label":"Id","description":null,"type":"id","db_type":"integer","length":null,"precision":null,"scale":null,"default":null,"required":false,"allow_null":false,"fixed_length":false,"supports_multibyte":false,"auto_increment":true,"is_primary_key":true,"is_unique":false,"is_index":false,"is_foreign_key":false,"is_virtual_foreign_key":false,"is_foreign_ref_service":false,"ref_service":null,"ref_service_id":null,"ref_table":null,"ref_fields":null,"ref_on_update":null,"ref_on_delete":null,"picklist":null,"validation":null,"db_function":null},{"alias":null,"name":"name","label":"Name","description":null,"type":"string","db_type":"text","length":null,"precision":null,"scale":null,"default":null,"required":false,"allow_null":true,"fixed_length":false,"supports_multibyte":false,"auto_increment":false,"is_primary_key":false,"is_unique":false,"is_index":false,"is_foreign_key":false,"is_virtual_foreign_key":false,"is_foreign_ref_service":false,"ref_service":null,"ref_service_id":null,"ref_table":null,"ref_fields":null,"ref_on_update":null,"ref_on_delete":null,"picklist":null,"validation":null,"db_function":null}],"related":[{"alias":null,"name":"endpoint_harvest_by_endpoint","label":"Endpoint Harvest By Endpoint","description":null,"always_fetch":false,"flatten":false,"flatten_drop_prefix":false,"type":"has_many","field":"id","is_virtual":false,"is_foreign_service":false,"ref_service":null,"ref_service_id":null,"ref_table":"endpoint_harvest","ref_fields":"endpoint","ref_on_update":null,"ref_on_delete":null,"is_foreign_junction_service":false,"junction_service":null,"junction_service_id":null,"junction_table":null,"junction_field":null,"junction_ref_field":null},{"alias":null,"name":"harvest_by_endpoint_harvest","label":"Harvest By Endpoint Harvest","description":null,"always_fetch":false,"flatten":false,"flatten_drop_prefix":false,"type":"many_many","field":"id","is_virtual":false,"is_foreign_service":false,"ref_service":null,"ref_service_id":null,"ref_table":"harvest","ref_fields":"id","ref_on_update":null,"ref_on_delete":null,"is_foreign_junction_service":false,"junction_service":null,"junction_service_id":null,"junction_table":"endpoint_harvest","junction_field":"endpoint","junction_ref_field":"harvest"}],"access":31},{"alias":null,"name":"endpoint_harvest","is_view":false,"label":"Endpoint Harvest","plural":"Endpoint Harvests","description":null,"primary_key":"id","name_field":null,"field":[{"alias":null,"name":"id","label":"Id","description":null,"type":"id","db_type":"integer","length":null,"precision":null,"scale":null,"default":null,"required":false,"allow_null":false,"fixed_length":false,"supports_multibyte":false,"auto_increment":true,"is_primary_key":true,"is_unique":false,"is_index":false,"is_foreign_key":false,"is_virtual_foreign_key":false,"is_foreign_ref_service":false,"ref_service":null,"ref_service_id":null,"ref_table":null,"ref_fields":null,"ref_on_update":null,"ref_on_delete":null,"picklist":null,"validation":null,"db_function":null},{"alias":null,"name":"location","label":"Location","description":null,"type":"string","db_type":"text","length":null,"precision":null,"scale":null,"default":null,"required":false,"allow_null":true,"fixed_length":false,"supports_multibyte":false,"auto_increment":false,"is_primary_key":false,"is_unique":false,"is_index":false,"is_foreign_key":false,"is_virtual_foreign_key":false,"is_foreign_ref_service":false,"ref_service":null,"ref_service_id":null,"ref_table":null,"ref_fields":null,"ref_on_update":null,"ref_on_delete":null,"picklist":null,"validation":null,"db_function":null},{"alias":null,"name":"harvest","label":"Harvest","description":null,"type":"reference","db_type":"integer","length":null,"precision":null,"scale":null,"default":null,"required":false,"allow_null":true,"fixed_length":false,"supports_multibyte":false,"auto_increment":false,"is_primary_key":false,"is_unique":false,"is_index":false,"is_foreign_key":true,"is_virtual_foreign_key":false,"is_foreign_ref_service":false,"ref_service":null,"ref_service_id":null,"ref_table":"harvest","ref_fields":"id","ref_on_update":null,"ref_on_delete":null,"picklist":null,"validation":null,"db_function":null},{"alias":null,"name":"endpoint","label":"Endpoint","description":null,"type":"reference","db_type":"integer","length":null,"precision":null,"scale":null,"default":null,"required":false,"allow_null":true,"fixed_length":false,"supports_multibyte":false,"auto_increment":false,"is_primary_key":false,"is_unique":false,"is_index":false,"is_foreign_key":true,"is_virtual_foreign_key":false,"is_foreign_ref_service":false,"ref_service":null,"ref_service_id":null,"ref_table":"endpoint","ref_fields":"id","ref_on_update":null,"ref_on_delete":null,"picklist":null,"validation":null,"db_function":null}],"related":[{"alias":null,"name":"harvest_by_harvest","label":"Harvest By Harvest","description":null,"always_fetch":false,"flatten":false,"flatten_drop_prefix":false,"type":"belongs_to","field":"harvest","is_virtual":false,"is_foreign_service":false,"ref_service":null,"ref_service_id":null,"ref_table":"harvest","ref_fields":"id","ref_on_update":null,"ref_on_delete":null,"is_foreign_junction_service":false,"junction_service":null,"junction_service_id":null,"junction_table":null,"junction_field":null,"junction_ref_field":null},{"alias":null,"name":"endpoint_by_endpoint","label":"Endpoint By Endpoint","description":null,"always_fetch":false,"flatten":false,"flatten_drop_prefix":false,"type":"belongs_to","field":"endpoint","is_virtual":false,"is_foreign_service":false,"ref_service":null,"ref_service_id":null,"ref_table":"endpoint","ref_fields":"id","ref_on_update":null,"ref_on_delete":null,"is_foreign_junction_service":false,"junction_service":null,"junction_service_id":null,"junction_table":null,"junction_field":null,"junction_ref_field":null},{"alias":null,"name":"request_by_endpoint_harvest","label":"Request By Endpoint Harvest","description":null,"always_fetch":false,"flatten":false,"flatten_drop_prefix":false,"type":"has_many","field":"id","is_virtual":false,"is_foreign_service":false,"ref_service":null,"ref_service_id":null,"ref_table":"request","ref_fields":"endpoint_harvest","ref_on_update":null,"ref_on_delete":null,"is_foreign_junction_service":false,"junction_service":null,"junction_service_id":null,"junction_table":null,"junction_field":null,"junction_ref_field":null}],"access":31},{"alias":null,"name":"endpoint_record","is_view":true,"label":"Endpoint Record","plural":"Endpoint Records","description":null,"primary_key":null,"name_field":null,"field":[{"alias":null,"name":"id","label":"Id","description":null,"type":"integer","db_type":"integer","length":null,"precision":null,"scale":null,"default":null,"required":false,"allow_null":true,"fixed_length":false,"supports_multibyte":false,"auto_increment":false,"is_primary_key":false,"is_unique":false,"is_index":false,"is_foreign_key":false,"is_virtual_foreign_key":false,"is_foreign_ref_service":false,"ref_service":null,"ref_service_id":null,"ref_table":null,"ref_fields":null,"ref_on_update":null,"ref_on_delete":null,"picklist":null,"validation":null,"db_function":null},{"alias":null,"name":"identifier","label":"Identifier","description":null,"type":"string","db_type":"text","length":null,"precision":null,"scale":null,"default":null,"required":false,"allow_null":true,"fixed_length":false,"supports_multibyte":false,"auto_increment":false,"is_primary_key":false,"is_unique":false,"is_index":false,"is_foreign_key":false,"is_virtual_foreign_key":false,"is_foreign_ref_service":false,"ref_service":null,"ref_service_id":null,"ref_table":null,"ref_fields":null,"ref_on_update":null,"ref_on_delete":null,"picklist":null,"validation":null,"db_function":null},{"alias":null,"name":"metadataPrefix","label":"MetadataPrefix","description":null,"type":"string","db_type":"text","length":null,"precision":null,"scale":null,"default":null,"required":false,"allow_null":true,"fixed_length":false,"supports_multibyte":false,"auto_increment":false,"is_primary_key":false,"is_unique":false,"is_index":false,"is_foreign_key":false,"is_virtual_foreign_key":false,"is_foreign_ref_service":false,"ref_service":null,"ref_service_id":null,"ref_table":null,"ref_fields":null,"ref_on_update":null,"ref_on_delete":null,"picklist":null,"validation":null,"db_function":null},{"alias":null,"name":"location","label":"Location","description":null,"type":"string","db_type":"text","length":null,"precision":null,"scale":null,"default":null,"required":false,"allow_null":true,"fixed_length":false,"supports_multibyte":false,"auto_increment":false,"is_primary_key":false,"is_unique":false,"is_index":false,"is_foreign_key":false,"is_virtual_foreign_key":false,"is_foreign_ref_service":false,"ref_service":null,"ref_service_id":null,"ref_table":null,"ref_fields":null,"ref_on_update":null,"ref_on_delete":null,"picklist":null,"validation":null,"db_function":null},{"alias":null,"name":"request","label":"Request","description":null,"type":"integer","db_type":"integer","length":null,"precision":null,"scale":null,"default":null,"required":false,"allow_null":true,"fixed_length":false,"supports_multibyte":false,"auto_increment":false,"is_primary_key":false,"is_unique":false,"is_index":false,"is_foreign_key":false,"is_virtual_foreign_key":false,"is_foreign_ref_service":false,"ref_service":null,"ref_service_id":null,"ref_table":null,"ref_fields":null,"ref_on_update":null,"ref_on_delete":null,"picklist":null,"validation":null,"db_function":null},{"alias":null,"name":"endpoint","label":"Endpoint","description":null,"type":"integer","db_type":"integer","length":null,"precision":null,"scale":null,"default":null,"required":false,"allow_null":true,"fixed_length":false,"supports_multibyte":false,"auto_increment":false,"is_primary_key":false,"is_unique":false,"is_index":false,"is_foreign_key":false,"is_virtual_foreign_key":false,"is_foreign_ref_service":false,"ref_service":null,"ref_service_id":null,"ref_table":null,"ref_fields":null,"ref_on_update":null,"ref_on_delete":null,"picklist":null,"validation":null,"db_function":null}],"related":[],"access":31},{"alias":null,"name":"harvest","is_view":false,"label":"Harvest","plural":"Harvests","description":null,"primary_key":"id","name_field":null,"field":[{"alias":null,"name":"id","label":"Id","description":null,"type":"id","db_type":"integer","length":null,"precision":null,"scale":null,"default":null,"required":false,"allow_null":false,"fixed_length":false,"supports_multibyte":false,"auto_increment":true,"is_primary_key":true,"is_unique":false,"is_index":false,"is_foreign_key":false,"is_virtual_foreign_key":false,"is_foreign_ref_service":false,"ref_service":null,"ref_service_id":null,"ref_table":null,"ref_fields":null,"ref_on_update":null,"ref_on_delete":null,"picklist":null,"validation":null,"db_function":null},{"alias":null,"name":"when","label":"When","description":null,"type":"timestamp","db_type":"timestamp with time zone","length":null,"precision":null,"scale":null,"default":"now()","required":false,"allow_null":true,"fixed_length":false,"supports_multibyte":false,"auto_increment":false,"is_primary_key":false,"is_unique":false,"is_index":false,"is_foreign_key":false,"is_virtual_foreign_key":false,"is_foreign_ref_service":false,"ref_service":null,"ref_service_id":null,"ref_table":null,"ref_fields":null,"ref_on_update":null,"ref_on_delete":null,"picklist":null,"validation":null,"db_function":null},{"alias":null,"name":"location","label":"Location","description":null,"type":"string","db_type":"text","length":null,"precision":null,"scale":null,"default":null,"required":false,"allow_null":true,"fixed_length":false,"supports_multibyte":false,"auto_increment":false,"is_primary_key":false,"is_unique":false,"is_index":false,"is_foreign_key":false,"is_virtual_foreign_key":false,"is_foreign_ref_service":false,"ref_service":null,"ref_service_id":null,"ref_table":null,"ref_fields":null,"ref_on_update":null,"ref_on_delete":null,"picklist":null,"validation":null,"db_function":null}],"related":[{"alias":null,"name":"endpoint_harvest_by_harvest","label":"Endpoint Harvest By Harvest","description":null,"always_fetch":false,"flatten":false,"flatten_drop_prefix":false,"type":"has_many","field":"id","is_virtual":false,"is_foreign_service":false,"ref_service":null,"ref_service_id":null,"ref_table":"endpoint_harvest","ref_fields":"harvest","ref_on_update":null,"ref_on_delete":null,"is_foreign_junction_service":false,"junction_service":null,"junction_service_id":null,"junction_table":null,"junction_field":null,"junction_ref_field":null},{"alias":null,"name":"endpoint_by_endpoint_harvest","label":"Endpoint By Endpoint Harvest","description":null,"always_fetch":false,"flatten":false,"flatten_drop_prefix":false,"type":"many_many","field":"id","is_virtual":false,"is_foreign_service":false,"ref_service":null,"ref_service_id":null,"ref_table":"endpoint","ref_fields":"id","ref_on_update":null,"ref_on_delete":null,"is_foreign_junction_service":false,"junction_service":null,"junction_service_id":null,"junction_table":"endpoint_harvest","junction_field":"harvest","junction_ref_field":"endpoint"}],"access":31},{"alias":null,"name":"record","is_view":false,"label":"Record","plural":"Records","description":null,"primary_key":"id","name_field":null,"field":[{"alias":null,"name":"id","label":"Id","description":null,"type":"id","db_type":"integer","length":null,"precision":null,"scale":null,"default":null,"required":false,"allow_null":false,"fixed_length":false,"supports_multibyte":false,"auto_increment":true,"is_primary_key":true,"is_unique":false,"is_index":false,"is_foreign_key":false,"is_virtual_foreign_key":false,"is_foreign_ref_service":false,"ref_service":null,"ref_service_id":null,"ref_table":null,"ref_fields":null,"ref_on_update":null,"ref_on_delete":null,"picklist":null,"validation":null,"db_function":null},{"alias":null,"name":"identifier","label":"Identifier","description":null,"type":"string","db_type":"text","length":null,"precision":null,"scale":null,"default":null,"required":false,"allow_null":true,"fixed_length":false,"supports_multibyte":false,"auto_increment":false,"is_primary_key":false,"is_unique":false,"is_index":false,"is_foreign_key":false,"is_virtual_foreign_key":false,"is_foreign_ref_service":false,"ref_service":null,"ref_service_id":null,"ref_table":null,"ref_fields":null,"ref_on_update":null,"ref_on_delete":null,"picklist":null,"validation":null,"db_function":null},{"alias":null,"name":"metadataPrefix","label":"MetadataPrefix","description":null,"type":"string","db_type":"text","length":null,"precision":null,"scale":null,"default":null,"required":false,"allow_null":true,"fixed_length":false,"supports_multibyte":false,"auto_increment":false,"is_primary_key":false,"is_unique":false,"is_index":false,"is_foreign_key":false,"is_virtual_foreign_key":false,"is_foreign_ref_service":false,"ref_service":null,"ref_service_id":null,"ref_table":null,"ref_fields":null,"ref_on_update":null,"ref_on_delete":null,"picklist":null,"validation":null,"db_function":null},{"alias":null,"name":"location","label":"Location","description":null,"type":"string","db_type":"text","length":null,"precision":null,"scale":null,"default":null,"required":false,"allow_null":true,"fixed_length":false,"supports_multibyte":false,"auto_increment":false,"is_primary_key":false,"is_unique":false,"is_index":false,"is_foreign_key":false,"is_virtual_foreign_key":false,"is_foreign_ref_service":false,"ref_service":null,"ref_service_id":null,"ref_table":null,"ref_fields":null,"ref_on_update":null,"ref_on_delete":null,"picklist":null,"validation":null,"db_function":null},{"alias":null,"name":"request","label":"Request","description":null,"type":"reference","db_type":"integer","length":null,"precision":null,"scale":null,"default":null,"required":false,"allow_null":true,"fixed_length":false,"supports_multibyte":false,"auto_increment":false,"is_primary_key":false,"is_unique":false,"is_index":false,"is_foreign_key":true,"is_virtual_foreign_key":false,"is_foreign_ref_service":false,"ref_service":null,"ref_service_id":null,"ref_table":"request","ref_fields":"id","ref_on_update":null,"ref_on_delete":null,"picklist":null,"validation":null,"db_function":null}],"related":[{"alias":null,"name":"request_by_request","label":"Request By Request","description":null,"always_fetch":false,"flatten":false,"flatten_drop_prefix":false,"type":"belongs_to","field":"request","is_virtual":false,"is_foreign_service":false,"ref_service":null,"ref_service_id":null,"ref_table":"request","ref_fields":"id","ref_on_update":null,"ref_on_delete":null,"is_foreign_junction_service":false,"junction_service":null,"junction_service_id":null,"junction_table":null,"junction_field":null,"junction_ref_field":null}],"access":31},{"alias":null,"name":"request","is_view":false,"label":"Request","plural":"Requests","description":null,"primary_key":"id","name_field":null,"field":[{"alias":null,"name":"id","label":"Id","description":null,"type":"id","db_type":"integer","length":null,"precision":null,"scale":null,"default":null,"required":false,"allow_null":false,"fixed_length":false,"supports_multibyte":false,"auto_increment":true,"is_primary_key":true,"is_unique":false,"is_index":false,"is_foreign_key":false,"is_virtual_foreign_key":false,"is_foreign_ref_service":false,"ref_service":null,"ref_service_id":null,"ref_table":null,"ref_fields":null,"ref_on_update":null,"ref_on_delete":null,"picklist":null,"validation":null,"db_function":null},{"alias":null,"name":"endpoint_harvest","label":"Endpoint Harvest","description":null,"type":"reference","db_type":"integer","length":null,"precision":null,"scale":null,"default":null,"required":false,"allow_null":true,"fixed_length":false,"supports_multibyte":false,"auto_increment":false,"is_primary_key":false,"is_unique":false,"is_index":false,"is_foreign_key":true,"is_virtual_foreign_key":false,"is_foreign_ref_service":false,"ref_service":null,"ref_service_id":null,"ref_table":"endpoint_harvest","ref_fields":"id","ref_on_update":null,"ref_on_delete":null,"picklist":null,"validation":null,"db_function":null},{"alias":null,"name":"location","label":"Location","description":null,"type":"string","db_type":"text","length":null,"precision":null,"scale":null,"default":null,"required":false,"allow_null":true,"fixed_length":false,"supports_multibyte":false,"auto_increment":false,"is_primary_key":false,"is_unique":false,"is_index":false,"is_foreign_key":false,"is_virtual_foreign_key":false,"is_foreign_ref_service":false,"ref_service":null,"ref_service_id":null,"ref_table":null,"ref_fields":null,"ref_on_update":null,"ref_on_delete":null,"picklist":null,"validation":null,"db_function":null}],"related":[{"alias":null,"name":"endpoint_harvest_by_endpoint_harvest","label":"Endpoint Harvest By Endpoint Harvest","description":null,"always_fetch":false,"flatten":false,"flatten_drop_prefix":false,"type":"belongs_to","field":"endpoint_harvest","is_virtual":false,"is_foreign_service":false,"ref_service":null,"ref_service_id":null,"ref_table":"endpoint_harvest","ref_fields":"id","ref_on_update":null,"ref_on_delete":null,"is_foreign_junction_service":false,"junction_service":null,"junction_service_id":null,"junction_table":null,"junction_field":null,"junction_ref_field":null},{"alias":null,"name":"record_by_request","label":"Record By Request","description":null,"always_fetch":false,"flatten":false,"flatten_drop_prefix":false,"type":"has_many","field":"id","is_virtual":false,"is_foreign_service":false,"ref_service":null,"ref_service_id":null,"ref_table":"record","ref_fields":"request","ref_on_update":null,"ref_on_delete":null,"is_foreign_junction_service":false,"junction_service":null,"junction_service_id":null,"junction_table":null,"junction_field":null,"junction_ref_field":null}],"access":31}]