[{"id":7,"name":"oai","label":"OAI","description":"OAI","is_active":true,"type":"pgsql","mutable":true,"deletable":true,"created_date":"2017-03-08 16:09:21","last_modified_date":"2017-03-08 16:09:21","created_by_id":"1","last_modified_by_id":null,"config":{"service_id":7,"options":null,"attributes":null,"statements":null,"host":"oai.postgres.lo","port":5432,"database":"oai","username":"oai","password":"oai","default_schema_only":true,"cache_enabled":false,"cache_ttl":0},"service_doc_by_service_id":[]}]